"","FileName_1","FileName_2","FileName_3","FileName_4","FileName_5","FileName_6","FileName_7","FileName_8","m.cx","m.cy","m.majoraxis","m.eccentricity","m.theta","s.area","s.perimeter","s.radius.mean","s.radius.sd","s.radius.min","s.radius.max"
"1","InputImages/CropMAX","SL","C","4biorep","3.5hTBO","1AB","midV","1.jpg",656.569892473118,5.13978494623656,12.8058467656226,0.681269126417077,0.578835271946959,93,31,5.03651224094164,0.755717859564971,3.83925179148469,6.66462854728283
"2","InputImages/CropMAX","SL","C","4biorep","3.5hTBO","1AB","midV","1.jpg",715.572815533981,7.60748959778086,63.1392741518277,0.953409194301642,0.0658140671399331,721,149,17.8617870675435,7.69628849604628,3.67271109815403,31.2562296839979
"3","InputImages/CropMAX","SL","C","4biorep","3.5hTBO","1AB","midV","1.jpg",806.217021276596,10.8893617021277,24.1689159729172,0.728236442173505,-0.603050438853781,235,74,8.41487662373448,2.5978522028135,3.04833834916912,13.5145742826907
"4","InputImages/CropMAX","SL","C","4biorep","3.5hTBO","1AB","midV","1.jpg",873.622282608696,25.6572204968944,80.6978015630126,0.374334187864399,-0.723822540433371,2576,382,30.4088131314598,12.0195644904898,1.71964823267214,55.9905481598264
"5","InputImages/CropMAX","SL","C","4biorep","3.5hTBO","1AB","midV","1.jpg",969.246835443038,6.12658227848101,21.6570980993452,0.813147145319376,-0.677809785985242,158,56,7.11086017707278,2.54864994099078,1.84508447901278,12.1703994367062
"6","InputImages/CropMAX","SL","C","4biorep","3.5hTBO","1AB","midV","1.jpg",1020.71621621622,9.27027027027027,12.3084062466211,0.749602466104665,1.02503539100377,74,28,4.52136992436595,0.97078220455037,3.12372422938144,6.47306034299711
"7","InputImages/CropMAX","SL","C","4biorep","3.5hTBO","1AB","midV","1.jpg",950.033898305085,11.5593220338983,9.20802848940034,0.475984049573034,-0.101184854679872,59,22,3.89486823689684,0.279168947968075,3.23718069359361,4.28817324184391
"8","InputImages/CropMAX","SL","C","4biorep","3.5hTBO","1AB","midV","1.jpg",650.719404374128,43.4923220102373,79.3645713541666,0.770871514808927,-0.481099539264925,2149,308,26.6522379439837,9.55904075418136,11.1723727773529,50.0695344207682
"9","InputImages/CropMAX","SL","C","4biorep","3.5hTBO","1AB","midV","1.jpg",745.92532942899,36.8301610541728,44.4971008315146,0.679180506544623,-1.06209084356477,683,165,13.8038349941043,6.15104326202323,0.994234989304719,24.5723548815754
"10","InputImages/CropMAX","SL","C","4biorep","3.5hTBO","1AB","midV","1.jpg",796.069209039548,39.2683615819209,37.5092041442574,0.609495976614861,0.751893678438479,708,129,14.4058723522635,4.34440126604319,2.06862030168102,22.5173517078946
"11","InputImages/CropMAX","SL","C","4biorep","3.5hTBO","1AB","midV","1.jpg",1012.4703196347,35.5616438356164,20.3496558470103,0.574036713563259,-1.39029848284357,219,57,7.97110668948234,2.01680211481273,3.15799220122499,10.9740172723518
"12","InputImages/CropMAX","SL","C","4biorep","3.5hTBO","1AB","midV","1.jpg",921.5,35.5,6.67618368316962,0.620173672945799,-0.785398163397448,28,14,2.59290160937007,0.250151014070241,2.12132034355964,2.91547594742265
"13","InputImages/CropMAX","SL","C","4biorep","3.5hTBO","1AB","midV","1.jpg",980.05,40.8583333333333,14.0870693641963,0.609217098641673,-1.17591576271972,120,34,5.73812982877409,0.807827822816501,3.58642673805071,6.9097619125829
"14","InputImages/CropMAX","SL","C","4biorep","3.5hTBO","1AB","midV","1.jpg",758,38,5.08967208225153,1.83583878264258e-06,0,21,12,2.15737865166653,0.111283511807396,2,2.23606797749979
"15","InputImages/CropMAX","SL","C","4biorep","3.5hTBO","1AB","midV","1.jpg",766.797101449275,50.0579710144928,10.1136438338443,0.488557882770575,-0.136446028912181,69,25,4.23685687495753,0.474387838298056,3.01728354650338,5.13264064590537
"16","InputImages/CropMAX","SL","C","4biorep","3.5hTBO","1AB","midV","1.jpg",582.868131868132,53.5934065934066,12.4563970131509,0.642762469516686,0.224477339405914,91,30,4.9335295217288,0.755908439787192,3.26938662273046,6.11737053170905
"17","InputImages/CropMAX","SL","C","4biorep","3.5hTBO","1AB","midV","1.jpg",777,57.5,6.20173672946047,0.544058820369969,1.5707963267949,26,14,2.42975291896459,0.246143184079399,2.06155281280883,2.69258240356725
"18","InputImages/CropMAX","SL","C","4biorep","3.5hTBO","1AB","midV","1.jpg",725.264705882353,59,7.06274400931924,0.508255924075208,1.5707963267949,34,16,2.86171414673869,0.296539866385006,2.1875,3.22647737478508
"19","InputImages/CropMAX","SL","C","4biorep","3.5hTBO","1AB","midV","1.jpg",972,59,5.08967208225153,1.83583878264258e-06,0,21,12,2.15737865166653,0.111283511807396,2,2.23606797749979
"20","InputImages/CropMAX","SL","C","4biorep","3.5hTBO","1AB","midV","1.jpg",900.719806763285,68.2173913043478,19.5846020789025,0.704312574211054,0.0144679140890605,207,50,7.62877689552584,1.31945559921169,4.33368203725192,9.56560505143302
"21","InputImages/CropMAX","SL","C","4biorep","3.5hTBO","1AB","midV","1.jpg",555.427728613569,74.353982300885,34.9487930166345,0.931754270000593,0.581759530972992,339,69,11.0107366418373,3.70566627990921,4.45946056040562,17.2245142148941
"22","InputImages/CropMAX","SL","C","4biorep","3.5hTBO","1AB","midV","1.jpg",601.682828282828,86.2111111111111,60.0677485597316,0.916154786539299,0.194119950260095,990,139,18.4812821032752,6.66540443644115,6.65005478258305,29.3315246198527
"23","InputImages/CropMAX","SL","C","4biorep","3.5hTBO","1AB","midV","1.jpg",638.725,73.3,8.57992149728441,0.721112876304014,1.37457631337407,40,19,3.10827135482951,0.572336310517109,1.86675240536504,3.89473684210528
"24","InputImages/CropMAX","SL","C","4biorep","3.5hTBO","1AB","midV","1.jpg",754.618320610687,76.9312977099237,18.9886637879937,0.870882276523764,-0.547762067925739,131,43,6.17918303141519,1.81944931788575,3.30895175380848,9.33960553109577
"25","InputImages/CropMAX","SL","C","4biorep","3.5hTBO","1AB","midV","1.jpg",952.068965517241,77.4712643678161,13.5110296199287,0.786459561371255,-1.53194658204446,87,30,4.84426403307847,1.01751078620552,2.96048044148988,6.48828003231811
"26","InputImages/CropMAX","SL","C","4biorep","3.5hTBO","1AB","midV","1.jpg",721.773913043478,82.0260869565217,16.988930104549,0.856527603164139,0.966334276174393,115,35,5.82760041128679,1.45289716809688,3.11441677312699,8.24705265843625
"27","InputImages/CropMAX","SL","C","4biorep","3.5hTBO","1AB","midV","1.jpg",885.372881355932,86.0338983050847,17.5183682670314,0.868499871877213,1.51414550744675,118,38,5.74767377177133,1.57837084474507,3.55769619502089,8.39325180727212
"28","InputImages/CropMAX","SL","C","4biorep","3.5hTBO","1AB","midV","1.jpg",858.918918918919,81.9189189189189,7.45475762505813,0.52568117144133,0.785398163441036,37,17,3.00393670759167,0.353769959322419,2.1891522430504,3.44255879727047
"29","InputImages/CropMAX","SL","C","4biorep","3.5hTBO","1AB","midV","1.jpg",707.15873015873,90.2698412698413,10.4485256041394,0.673352462643476,-1.15741740232677,63,23,4.07609815132485,0.57825959847081,3.0586577977325,5.1210304374238
"30","InputImages/CropMAX","SL","C","4biorep","3.5hTBO","1AB","midV","1.jpg",1020.24409448819,93.8740157480315,16.4424106936628,0.763348944324004,-1.5146221216213,127,42,6.05155686804729,1.40898383117356,3.3612774269678,8.82977081286429
"31","InputImages/CropMAX","SL","C","4biorep","3.5hTBO","1AB","midV","1.jpg",679.433421516755,124.76455026455,101.432158385506,0.879512305258813,0.217058364425931,2268,340,27.7549780479052,11.9559561446138,1.96778773787085,48.8756689172714
"32","InputImages/CropMAX","SL","C","4biorep","3.5hTBO","1AB","midV","1.jpg",764.121951219512,113.510074231177,58.605502659041,0.924283551588685,0.831442406299758,943,151,17.5696359072751,6.59541904251669,4.53175667490977,28.669278802185
"33","InputImages/CropMAX","SL","C","4biorep","3.5hTBO","1AB","midV","1.jpg",975.961612284069,107.347408829175,32.908033360799,0.718789648213005,-1.32287556981017,521,95,12.1536314213075,3.05938310651994,4.81477412362158,16.6560546085996
"34","InputImages/CropMAX","SL","C","4biorep","3.5hTBO","1AB","midV","1.jpg",857.189090909091,106.963636363636,37.3125829465999,0.943560058942827,-0.455022210955231,275,86,9.59592178282637,4.76398963038875,0.57213556279734,17.2916672911223
"35","InputImages/CropMAX","SL","C","4biorep","3.5hTBO","1AB","midV","1.jpg",545.418138041734,130.375601926164,83.3044564022646,0.963726085669795,-0.81735781276011,1246,181,23.0144907964032,9.94548248328039,5.43272622253023,39.6591226065539
"36","InputImages/CropMAX","SL","C","4biorep","3.5hTBO","1AB","midV","1.jpg",897.059701492537,111.402985074627,12.2681647463787,0.801250210995231,1.26733110953401,67,27,4.20264353598862,1.06203143371708,1.94047213295258,5.8678870784493
"37","InputImages/CropMAX","SL","C","4biorep","3.5hTBO","1AB","midV","1.jpg",726.186046511628,115.26976744186,19.8757563806661,0.697683450359606,0.176729526336314,215,49,7.71749980026096,1.4683829608686,3.44317831147782,9.8228371637657
"38","InputImages/CropMAX","SL","C","4biorep","3.5hTBO","1AB","midV","1.jpg",799.019047619048,115.019047619048,16.8704510476969,0.882191025886322,0.809485460318068,105,33,5.61980259920128,1.51060062441058,3.04752680891506,7.90374834068458
"39","InputImages/CropMAX","SL","C","4biorep","3.5hTBO","1AB","midV","1.jpg",828.845327604726,135.581095596133,45.9663639845035,0.757890131176303,-0.980875290937564,931,159,16.2963130595085,4.37427328124761,7.4542842834861,23.4614698605076
"40","InputImages/CropMAX","SL","C","4biorep","3.5hTBO","1AB","midV","1.jpg",858.558139534884,121.023255813953,9.59373808233407,0.807104174870323,-1.31417704842234,43,20,3.27349268008164,0.729208936760857,1.84458667456963,4.28981351576031
"41","InputImages/CropMAX","SL","C","4biorep","3.5hTBO","1AB","midV","1.jpg",795.089285714286,134.3125,14.661947078713,0.740186192012999,-1.02146951788554,112,34,5.59365446394103,0.929128017541578,3.83031072849409,7.46525979495882
"42","InputImages/CropMAX","SL","C","4biorep","3.5hTBO","1AB","midV","1.jpg",854.5,132,6.20173672949508,0.544058820356328,0,26,14,2.42975291896459,0.246143184079399,2.06155281280883,2.69258240356725
"43","InputImages/CropMAX","SL","C","4biorep","3.5hTBO","1AB","midV","1.jpg",921,135,5.08967208225153,2.119870216965e-06,0,21,12,2.15737865166653,0.111283511807396,2,2.23606797749979
"44","InputImages/CropMAX","SL","C","4biorep","3.5hTBO","1AB","midV","1.jpg",934.806451612903,138.516129032258,15.1962546571735,0.923107294079847,-0.376662442350867,62,31,3.96180937926169,1.84977087512724,0.452763511213475,6.54846654965304
"45","InputImages/CropMAX","SL","C","4biorep","3.5hTBO","1AB","midV","1.jpg",859,138,5.08967208225153,2.119870216965e-06,0,21,12,2.15737865166653,0.111283511807396,2,2.23606797749979
"46","InputImages/CropMAX","SL","C","4biorep","3.5hTBO","1AB","midV","1.jpg",958.311475409836,144.147540983607,15.0914922264941,0.704421787830191,-0.229126830533533,122,36,5.81655439385956,1.04797449340556,3.17323879410998,7.68566486677926
"47","InputImages/CropMAX","SL","C","4biorep","3.5hTBO","1AB","midV","1.jpg",1013.69417040359,171.717488789238,60.9204513302227,0.89488283193248,-1.42544001585239,1115,171,17.9923893676339,7.36694925509593,2.8504018197159,32.3302891659104
"48","InputImages/CropMAX","SL","C","4biorep","3.5hTBO","1AB","midV","1.jpg",677.244,159.272,31.7658284139986,0.921887988960283,1.3433739771146,250,72,9.07867251348002,3.59220007525148,3.24361314502328,15.4872321467686
"49","InputImages/CropMAX","SL","C","4biorep","3.5hTBO","1AB","midV","1.jpg",965,150,5.08967208225153,2.119870216965e-06,0,21,12,2.15737865166653,0.111283511807396,2,2.23606797749979
"50","InputImages/CropMAX","SL","C","4biorep","3.5hTBO","1AB","midV","1.jpg",933.475409836066,158.622950819672,9.92273754944629,0.609000317339149,-1.48369214454307,61,23,3.97606593979427,0.48216962171959,2.97849887973114,4.8813909201876
"51","InputImages/CropMAX","SL","C","4biorep","3.5hTBO","1AB","midV","1.jpg",805.484210526316,162.926315789474,12.7612138154962,0.631515357355559,-0.444114094803059,95,31,4.98169710658641,0.95940976188188,1.89335878591346,6.23240499392684
"52","InputImages/CropMAX","SL","C","4biorep","3.5hTBO","1AB","midV","1.jpg",968.787234042553,164.829787234043,9.57098304438769,0.745777232634091,-0.814700940764708,47,21,3.42899784862549,0.694504547078807,1.93897838776217,4.41831890543372
"53","InputImages/CropMAX","SL","C","4biorep","3.5hTBO","1AB","midV","1.jpg",542.109545454545,227.311363636364,131.768307910844,0.944316365238366,1.1252761694906,2200,331,34.7132595439705,15.4956219740486,0.540582925484617,64.976331458762
"54","InputImages/CropMAX","SL","C","4biorep","3.5hTBO","1AB","midV","1.jpg",901,169,5.08967208225153,2.119870216965e-06,0,21,12,2.15737865166653,0.111283511807396,2,2.23606797749979
"55","InputImages/CropMAX","SL","C","4biorep","3.5hTBO","1AB","midV","1.jpg",943.852941176471,174.411764705882,16.3248355884476,0.74299232525716,0.912257135452017,136,36,6.27940279659472,1.10817468632087,4.5346743659207,8.41341154509631
"56","InputImages/CropMAX","SL","C","4biorep","3.5hTBO","1AB","midV","1.jpg",913.285714285714,173.142857142857,10.7176266942152,0.7850667020172,0.333858913515496,56,23,3.82008584394022,0.738200761452624,2.75701545434565,5.03822815195509
"57","InputImages/CropMAX","SL","C","4biorep","3.5hTBO","1AB","midV","1.jpg",673.779964221825,203.078711985689,84.0959629399121,0.959526395035421,-0.868583151831176,1118,183,21.2030285589196,10.2017675040528,1.42203600149955,35.7879349048002
"58","InputImages/CropMAX","SL","C","4biorep","3.5hTBO","1AB","midV","1.jpg",846.202898550725,178.311594202899,19.6195585235809,0.835592739279364,1.10350247659587,138,48,5.75792757756305,2.41996955568202,0.65384811776982,8.84887096533286
"59","InputImages/CropMAX","SL","C","4biorep","3.5hTBO","1AB","midV","1.jpg",831,177.264705882353,7.06274400928833,0.508255924059639,3.61375166589177e-11,34,16,2.86171414673869,0.296539866385006,2.1875,3.22647737478508
"60","InputImages/CropMAX","SL","C","4biorep","3.5hTBO","1AB","midV","1.jpg",906.943396226415,190.867924528302,12.2787622993687,0.888133589049487,-1.25782083517907,53,24,3.73968426627201,1.22793206007218,1.47431716774621,5.41666666666668
"61","InputImages/CropMAX","SL","C","4biorep","3.5hTBO","1AB","midV","1.jpg",818.278985507246,194.242753623188,43.2402029280354,0.975489667237574,-0.165106870314819,276,83,10.6520026509383,5.28058021742524,1.7629927444665,18.7114989140317
"62","InputImages/CropMAX","SL","C","4biorep","3.5hTBO","1AB","midV","1.jpg",769.35,205.1125,13.119034942789,0.801563054402246,-0.4984104359289,80,28,4.68269908150445,0.988909276412832,3.13188018119911,6.41049044575393
"63","InputImages/CropMAX","SL","C","4biorep","3.5hTBO","1AB","midV","1.jpg",754.931818181818,214.613636363636,9.51693966556264,0.788659213204489,0.23326718062764,44,20,3.30799866011166,0.705085005300379,1.88679622641132,4.3081318457076
"64","InputImages/CropMAX","SL","C","4biorep","3.5hTBO","1AB","midV","1.jpg",767.117647058824,220.008403361345,14.4300162015248,0.634767529160203,-0.882675057428877,119,36,5.66711969899939,1.08060396746309,3.31569406919487,7.29493313079129
"65","InputImages/CropMAX","SL","C","4biorep","3.5hTBO","1AB","midV","1.jpg",748,219,5.08967208225153,2.119870216965e-06,0,21,12,2.15737865166653,0.111283511807396,2,2.23606797749979
"66","InputImages/CropMAX","SL","C","4biorep","3.5hTBO","1AB","midV","1.jpg",995,228,5.08967208225153,2.119870216965e-06,0,21,12,2.15737865166653,0.111283511807396,2,2.23606797749979
"67","InputImages/CropMAX","SL","C","4biorep","3.5hTBO","1AB","midV","1.jpg",1010.46719160105,241.477690288714,33.5181949072759,0.855666432741588,0.693293961936983,381,94,11.1953000042305,3.4394822661144,4.86248189658925,18.2507681675401
"68","InputImages/CropMAX","SL","C","4biorep","3.5hTBO","1AB","midV","1.jpg",973,231,5.08967208225153,2.119870216965e-06,0,21,12,2.15737865166653,0.111283511807396,2,2.23606797749979
"69","InputImages/CropMAX","SL","C","4biorep","3.5hTBO","1AB","midV","1.jpg",895.787234042553,235.340425531915,12.2194582820577,0.564565462061032,1.0629555273287,94,30,5.04857941184495,0.643481269748828,3.77241449354537,5.87348089107112
"70","InputImages/CropMAX","SL","C","4biorep","3.5hTBO","1AB","midV","1.jpg",756,237,7.32648751823068,0.693375245279581,1.5707963267949,31,16,2.68169319060359,0.428394247709209,2,3.16227766016838
"71","InputImages/CropMAX","SL","C","4biorep","3.5hTBO","1AB","midV","1.jpg",760.5,243.5,6.67618368316526,0.620173672944098,0.785398163397448,28,14,2.59290160937007,0.250151014070241,2.12132034355964,2.91547594742265
"72","InputImages/CropMAX","SL","C","4biorep","3.5hTBO","1AB","midV","1.jpg",743.236714975845,255.309178743961,23.812013754996,0.868542920403852,-1.5293398937407,207,53,7.79170996604779,2.30432283380605,4.15933970716185,11.9313331431638
"73","InputImages/CropMAX","SL","C","4biorep","3.5hTBO","1AB","midV","1.jpg",616.377672209026,257.453681710214,33.1732195582378,0.861459360586603,-0.491762975666018,421,79,11.3427797203575,3.14885609362868,4.42755787166447,17.4717342171588
"74","InputImages/CropMAX","SL","C","4biorep","3.5hTBO","1AB","midV","1.jpg",916.48401826484,256.470319634703,29.6722257129261,0.671985531219101,0.920527668412287,438,85,11.2210976258507,2.94226672296222,2.95565846386506,15.9120941577288
"75","InputImages/CropMAX","SL","C","4biorep","3.5hTBO","1AB","midV","1.jpg",516.830128205128,266.977564102564,32.0318951587755,0.90709348183362,-1.43291909839255,312,75,10.3551116126768,3.37521968669461,4.29490654406148,16.337876919056
"76","InputImages/CropMAX","SL","C","4biorep","3.5hTBO","1AB","midV","1.jpg",673.154794520548,280.624657534247,42.7668210940237,0.667561233570715,0.54996731242578,730,179,14.6650455566188,4.87395649977603,4.40377989497408,25.9498222992639
"77","InputImages/CropMAX","SL","C","4biorep","3.5hTBO","1AB","midV","1.jpg",886.909090909091,272.981818181818,12.1411766821002,0.872684884505159,1.28952396770083,55,24,3.77734052537209,1.21439454500473,1.08333333333337,5.41666666666668
"78","InputImages/CropMAX","SL","C","4biorep","3.5hTBO","1AB","midV","1.jpg",1005.54949784792,282.507890961263,46.5382541257249,0.902994790764384,0.288453194302486,697,108,15.4237505687468,4.80426872209769,7.57487770797717,24.2183178697233
"79","InputImages/CropMAX","SL","C","4biorep","3.5hTBO","1AB","midV","1.jpg",782.493112947658,295.575757575758,41.6494370193429,0.942847868805256,0.812564684790803,363,84,11.1339336533616,5.12886156461921,0.965754319636007,18.9203673445712
"80","InputImages/CropMAX","SL","C","4biorep","3.5hTBO","1AB","midV","1.jpg",731.560728744939,305.121457489879,44.5883843917354,0.942284542091402,-0.934923018061304,494,88,13.1050002099658,5.09360292698488,4.04048788580931,21.0854990367337
"81","InputImages/CropMAX","SL","C","4biorep","3.5hTBO","1AB","midV","1.jpg",1003.720657277,321.18544600939,40.7497797014296,0.879075729711498,0.253577940982807,426,115,11.623131688121,4.78845223312839,2.88015174983532,20.2975596138056
"82","InputImages/CropMAX","SL","C","4biorep","3.5hTBO","1AB","midV","1.jpg",959.385542168675,320.33734939759,12.0123623540288,0.656752330126897,-0.166586886736723,83,29,4.65884292353256,0.788026160596204,2.36753708879613,5.77017218453999
"83","InputImages/CropMAX","SL","C","4biorep","3.5hTBO","1AB","midV","1.jpg",825.149425287356,322.494252873563,11.9682690276475,0.625698668480415,-1.51022254204013,87,28,4.80532808234747,0.646336284322113,2.79508497187474,5.7716981903076
"84","InputImages/CropMAX","SL","C","4biorep","3.5hTBO","1AB","midV","1.jpg",703.46875,323.421875,10.1728689368028,0.614578266556017,0.00859485549522899,64,24,4.06239157224016,0.493459716258466,2.93032516208624,4.77005998098785
"85","InputImages/CropMAX","SL","C","4biorep","3.5hTBO","1AB","midV","1.jpg",918.377464788732,336.842253521127,26.8602232216488,0.745840964303397,0.253534073810881,355,66,10.2042234382979,2.15915084641652,4.47718940598264,13.6564918786483
"86","InputImages/CropMAX","SL","C","4biorep","3.5hTBO","1AB","midV","1.jpg",501.002136752137,348.194444444444,34.5796517336357,0.790955566156287,-0.480937109177255,468,113,10.7273413205499,4.29266894575117,1.12169668873019,17.6537937438388
"87","InputImages/CropMAX","SL","C","4biorep","3.5hTBO","1AB","midV","1.jpg",642.383763837638,353.678966789668,31.7980418404828,0.904417362069026,1.14511679420531,271,70,9.35859657630269,3.74524688153508,2.10199128136604,15.7031778923365
"88","InputImages/CropMAX","SL","C","4biorep","3.5hTBO","1AB","midV","1.jpg",797.24,351.58,10.4418400720964,0.8110870536849,1.52146362511075,50,22,3.55172552197122,0.832524507896135,2.23837677313543,4.65260080115154
"89","InputImages/CropMAX","SL","C","4biorep","3.5hTBO","1AB","midV","1.jpg",539,352,5.08967208225153,0,0,21,12,2.15737865166653,0.111283511807396,2,2.23606797749979
"90","InputImages/CropMAX","SL","C","4biorep","3.5hTBO","1AB","midV","1.jpg",932.655913978495,368.677419354839,12.911977851494,0.691069519077133,1.318975703488,93,30,5.04203096357817,0.752131331681332,3.51836451904699,6.47911173610154
"91","InputImages/CropMAX","SL","C","4biorep","3.5hTBO","1AB","midV","1.jpg",512.811965811966,369.25641025641,14.3743095415107,0.688228732474445,0.665799626030516,117,33,5.70208707116601,0.792802275413711,4.5504013486093,7.03089078002907
"92","InputImages/CropMAX","SL","C","4biorep","3.5hTBO","1AB","midV","1.jpg",887.63768115942,377.786231884058,29.4530338410029,0.908390887968843,-1.54937918738107,276,66,9.23813437333134,2.95677228032888,4.60459007626429,14.64082528145
"93","InputImages/CropMAX","SL","C","4biorep","3.5hTBO","1AB","midV","1.jpg",492.470817120623,378.20233463035,21.9669914377855,0.710464986618604,-0.915352384908785,257,52,8.64112624777752,1.47449395937811,5.36397141576206,11.0036303853231
"94","InputImages/CropMAX","SL","C","4biorep","3.5hTBO","1AB","midV","1.jpg",800.306818181818,375.045454545455,13.6635764466286,0.797520019681025,-1.46711811187371,88,30,4.86875289288546,1.0364044369397,2.76666666666665,6.4021697710837
"95","InputImages/CropMAX","SL","C","4biorep","3.5hTBO","1AB","midV","1.jpg",633.5,393,6.20173672949508,0.544058820354937,0,26,14,2.42975291896459,0.246143184079399,2.06155281280883,2.69258240356725
"96","InputImages/CropMAX","SL","C","4biorep","3.5hTBO","1AB","midV","1.jpg",934,400,5.08967208225153,0,0,21,12,2.15737865166653,0.111283511807396,2,2.23606797749979
"97","InputImages/CropMAX","SL","C","4biorep","3.5hTBO","1AB","midV","1.jpg",600.897727272727,403.136363636364,14.4777340060162,0.832622914696808,-0.0586582046935013,88,32,4.86601635412804,1.26267405883643,2.76293124462047,6.35482407801349
"98","InputImages/CropMAX","SL","C","4biorep","3.5hTBO","1AB","midV","1.jpg",866.168269230769,412.581730769231,20.8985314655884,0.76396235616617,1.40236579911153,208,54,7.61909018997419,1.72894337625647,4.30299605325099,10.1760902153691
"99","InputImages/CropMAX","SL","C","4biorep","3.5hTBO","1AB","midV","1.jpg",775.86,410.21,17.3624078779874,0.90218768790424,-0.365635676546665,100,35,5.5171779805633,1.64277396937649,2.83433755712953,8.18739698486364
"100","InputImages/CropMAX","SL","C","4biorep","3.5hTBO","1AB","midV","1.jpg",930.5,408.5,8.31982575549993,0.688780334454159,-0.297379628744785,40,18,3.13999284739899,0.442719407569562,2.54950975679639,3.80788655293195
"101","InputImages/CropMAX","SL","C","4biorep","3.5hTBO","1AB","midV","1.jpg",578,411,5.08967208225153,0,0,21,12,2.15737865166653,0.111283511807396,2,2.23606797749979
"102","InputImages/CropMAX","SL","C","4biorep","3.5hTBO","1AB","midV","1.jpg",816.843373493976,415.753012048193,23.7894544379037,0.913934521414489,0.474970069301404,166,47,7.19322630059384,2.50890738322814,2.94363835931026,11.0108798411167
"103","InputImages/CropMAX","SL","C","4biorep","3.5hTBO","1AB","midV","1.jpg",683.314285714286,417.171428571429,7.44649699535003,0.60283567758871,1.25215695858503,35,17,2.88694205881356,0.368990222563483,2.0722252886834,3.42997170285017
"104","InputImages/CropMAX","SL","C","4biorep","3.5hTBO","1AB","midV","1.jpg",396.338729763387,437.596513075965,68.2103418483458,0.94832268756073,-0.731960388998166,803,142,18.6558655779761,8.23873481474149,0.739403084417252,33.4869781084638
"105","InputImages/CropMAX","SL","C","4biorep","3.5hTBO","1AB","midV","1.jpg",754.16265060241,429.072289156626,22.8142765731562,0.903939220900546,-0.816526153610429,166,46,7.23055799315917,2.3075725819535,3.23745214764903,11.0395833597172
"106","InputImages/CropMAX","SL","C","4biorep","3.5hTBO","1AB","midV","1.jpg",838.797101449275,427.391304347826,16.6933587804013,0.764793942463803,0.975052166980316,138,38,6.30054254675294,1.15752633562441,4.80571278233108,8.49706646461913
"107","InputImages/CropMAX","SL","C","4biorep","3.5hTBO","1AB","midV","1.jpg",939.5,422,6.20173672949508,0.544058820354937,0,26,14,2.42975291896459,0.246143184079399,2.06155281280883,2.69258240356725
"108","InputImages/CropMAX","SL","C","4biorep","3.5hTBO","1AB","midV","1.jpg",596.490196078431,424.392156862745,9.29214751804264,0.6590485131694,-0.875442280750083,51,21,3.6045803200771,0.485824720885564,2.45134050975882,4.39799995772148
"109","InputImages/CropMAX","SL","C","4biorep","3.5hTBO","1AB","midV","1.jpg",709.832214765101,431.906040268456,25.0600484222741,0.942684617681693,0.580135946502594,149,48,6.99130793560379,2.96764944201208,1.00108448139452,11.494658330672
"110","InputImages/CropMAX","SL","C","4biorep","3.5hTBO","1AB","midV","1.jpg",939,445,5.08967208225153,0,0,21,12,2.15737865166653,0.111283511807396,2,2.23606797749979
"111","InputImages/CropMAX","SL","C","4biorep","3.5hTBO","1AB","midV","1.jpg",325.644444444444,448.844444444444,8.77979015769909,0.656288670783566,1.10429296588965,45,20,3.34602967086313,0.521138601241171,2.32002155162404,4.16923254328662
"112","InputImages/CropMAX","SL","C","4biorep","3.5hTBO","1AB","midV","1.jpg",871.654545454545,449.163636363636,12.3790053011723,0.875279678602428,0.65647259163764,55,25,3.78990917977666,1.26292850511997,1.11427106217474,5.51376459417704
"113","InputImages/CropMAX","SL","C","4biorep","3.5hTBO","1AB","midV","1.jpg",318.424,459.152,23.3235813724443,0.93924473413943,1.34385173359881,125,45,6.32583241036797,2.7201384078597,0.523048990930662,10.220144716426
"114","InputImages/CropMAX","SL","C","4biorep","3.5hTBO","1AB","midV","1.jpg",335,451,5.08967208225153,0,0,21,12,2.15737865166653,0.111283511807396,2,2.23606797749979
"115","InputImages/CropMAX","SL","C","4biorep","3.5hTBO","1AB","midV","1.jpg",349.84238178634,462.894921190893,53.5222912990283,0.96420476883081,-0.434935887648305,571,105,14.9590218949107,6.4227345284439,4.72933624467457,25.6833270426917
"116","InputImages/CropMAX","SL","C","4biorep","3.5hTBO","1AB","midV","1.jpg",542.443708609272,462.562913907285,21.0077625317542,0.894909449930874,-1.29931381053273,151,44,6.74935309524524,2.05187209072477,3.54640138872029,10.0469198848978
"117","InputImages/CropMAX","SL","C","4biorep","3.5hTBO","1AB","midV","1.jpg",895.655172413793,462.879310344828,10.1589340222336,0.668062370662703,0.397408690508972,58,24,3.8360028188336,0.707361401038009,2.10983148352868,4.80812391225058
"118","InputImages/CropMAX","SL","C","4biorep","3.5hTBO","1AB","midV","1.jpg",736.545081967213,478.30737704918,33.4034034272517,0.956914004678522,1.40432673726491,244,69,9.23845639198085,3.83050488106421,3.56206411749534,15.8765585808559
"119","InputImages/CropMAX","SL","C","4biorep","3.5hTBO","1AB","midV","1.jpg",403.232849604222,506.375329815303,97.3761242473054,0.942245258500335,1.07676448906593,1516,291,24.0497282409881,12.8381884812245,0.746867511160301,48.4374866553243
"120","InputImages/CropMAX","SL","C","4biorep","3.5hTBO","1AB","midV","1.jpg",910.363636363636,472.113636363636,8.36794972465128,0.605120264675634,-0.351970741576804,44,19,3.30671366164105,0.389252278212657,2.49598014765887,3.86188133217775
"121","InputImages/CropMAX","SL","C","4biorep","3.5hTBO","1AB","midV","1.jpg",277.110599078341,478.622119815668,22.3939154837595,0.822971973203638,-0.523713076484058,217,52,8.0774974543453,1.85912016138106,5.66446543277061,11.8000006268178
"122","InputImages/CropMAX","SL","C","4biorep","3.5hTBO","1AB","midV","1.jpg",302.403846153846,477.403846153846,9.13216566345415,0.598351645244353,0.785398163393549,52,22,3.60215312582015,0.485012020260334,2.62300691750062,4.42802868289362
"123","InputImages/CropMAX","SL","C","4biorep","3.5hTBO","1AB","midV","1.jpg",526.353790613718,490.812274368231,39.3741651171637,0.956475160593449,-1.11674440413534,277,82,9.98660032616194,4.70095900760445,1.39179417201382,18.0057041989525
"124","InputImages/CropMAX","SL","C","4biorep","3.5hTBO","1AB","midV","1.jpg",872.317073170732,483.658536585366,8.47523146122593,0.691558731472281,0.191385106764709,41,19,3.15877925944891,0.493680299662509,2.33722140117627,3.91212335455755
"125","InputImages/CropMAX","SL","C","4biorep","3.5hTBO","1AB","midV","1.jpg",268.933333333333,492.7,10.5456607821607,0.719258230529596,-1.12303405288094,60,23,3.95329355672442,0.682633146553341,2.62782838891507,5.04685044685222
"126","InputImages/CropMAX","SL","C","4biorep","3.5hTBO","1AB","midV","1.jpg",854.348314606742,511.14606741573,11.9304308878624,0.588468467372884,0.0749475147021396,89,28,4.88325390398831,0.643455818852871,3.07474903571868,5.95433301324787
"127","InputImages/CropMAX","SL","C","4biorep","3.5hTBO","1AB","midV","1.jpg",873.662576687117,515.312883435583,20.1805779259759,0.848972563096228,0.535446126268834,163,44,7.00882877004942,1.77746367708802,4.28937761575951,10.1729872417834
"128","InputImages/CropMAX","SL","C","4biorep","3.5hTBO","1AB","midV","1.jpg",170.709302325581,532.627906976744,12.8448853085647,0.738628846105391,-1.28393411147056,86,29,4.7796596793225,0.900014313026125,2.3267559183224,6.17279906329881
"129","InputImages/CropMAX","SL","C","4biorep","3.5hTBO","1AB","midV","1.jpg",465.403908794788,536.00651465798,35.1523425603366,0.932559567006716,0.051117756239443,307,76,10.103700061597,4.07167125860352,1.85171366315223,16.5332965896667
"130","InputImages/CropMAX","SL","C","4biorep","3.5hTBO","1AB","midV","1.jpg",785.443037974684,536.26582278481,28.441252967669,0.923602989320793,0.420522558110004,237,57,8.8018332486868,3.0549799154991,3.14030187161607,14.0850208247751
"131","InputImages/CropMAX","SL","C","4biorep","3.5hTBO","1AB","midV","1.jpg",230.111831442464,544.264181523501,31.9495882924578,0.598202426990805,0.582622340353302,617,83,13.6340992220512,1.86233301505782,9.05230683105504,17.4170576595986
"132","InputImages/CropMAX","SL","C","4biorep","3.5hTBO","1AB","midV","1.jpg",732.348837209302,536.860465116279,8.89163297826972,0.726103565952788,-0.530820562445218,43,19,3.28676893745002,0.531998616531022,2.26376980711647,4.11907259013125
"133","InputImages/CropMAX","SL","C","4biorep","3.5hTBO","1AB","midV","1.jpg",715.164383561644,542.438356164384,15.7126922820556,0.909054654251202,-0.820849539237828,73,32,4.37428680130545,1.85441558649213,0.381454862991678,7.08134929321383
"134","InputImages/CropMAX","SL","C","4biorep","3.5hTBO","1AB","midV","1.jpg",166.441441441441,545.261261261261,13.3755718357227,0.597786514539048,-0.288035186076182,111,32,5.51227163615804,0.685093859779499,4.24137451924491,6.92742793629064
"135","InputImages/CropMAX","SL","C","4biorep","3.5hTBO","1AB","midV","1.jpg",572.110144927536,553.211594202899,24.5352380594626,0.638448893850886,0.375700023390953,345,65,10.0472758900109,1.60382268035019,5.97970928030146,12.7582250996096
"136","InputImages/CropMAX","SL","C","4biorep","3.5hTBO","1AB","midV","1.jpg",381,551.5,6.20173672949508,0.544058820354937,1.5707963267949,26,14,2.42975291896459,0.246143184079399,2.06155281280883,2.69258240356725
"137","InputImages/CropMAX","SL","C","4biorep","3.5hTBO","1AB","midV","1.jpg",148.373493975904,556.277108433735,19.6226370880342,0.949509170043238,-0.532408412420799,83,36,5.24272036663022,2.21961523676875,1.65108456685704,8.68609823045627
"138","InputImages/CropMAX","SL","C","4biorep","3.5hTBO","1AB","midV","1.jpg",706.126126126126,564.391891891892,20.2218380759625,0.70876617548169,1.44780582632348,222,49,7.97119643995092,1.25614285449509,5.18676591028355,9.90796884989694
"139","InputImages/CropMAX","SL","C","4biorep","3.5hTBO","1AB","midV","1.jpg",840,560,5.08967208225153,0,0,21,12,2.15737865166653,0.111283511807396,2,2.23606797749979
"140","InputImages/CropMAX","SL","C","4biorep","3.5hTBO","1AB","midV","1.jpg",138.417808219178,575.002283105023,35.779079466144,0.878316523643728,-0.672897651896047,438,78,11.9548735065487,3.65916842709609,5.05728200214092,18.4268950239463
"141","InputImages/CropMAX","SL","C","4biorep","3.5hTBO","1AB","midV","1.jpg",235.532258064516,571.177419354839,13.9111961827109,0.505085493609563,1.14355210182924,124,35,5.84957553800649,0.909595505892429,3.4244022269945,7.30054512921289
"142","InputImages/CropMAX","SL","C","4biorep","3.5hTBO","1AB","midV","1.jpg",373.3828125,572.09375,15.405272621071,0.710358862395922,-0.529397109867928,128,35,5.99466923111923,0.990702695000172,4.62257106655009,7.89916037904523
"143","InputImages/CropMAX","SL","C","4biorep","3.5hTBO","1AB","midV","1.jpg",596,575,5.08967208225153,0,0,21,12,2.15737865166653,0.111283511807396,2,2.23606797749979
"144","InputImages/CropMAX","SL","C","4biorep","3.5hTBO","1AB","midV","1.jpg",810.512,580.072,17.7648747829359,0.854796242048719,-0.810698687849567,125,38,6.00166644114977,1.57458166139488,3.44897511775323,8.335129077063
"145","InputImages/CropMAX","SL","C","4biorep","3.5hTBO","1AB","midV","1.jpg",202.005263157895,585.747368421053,24.7239742991144,0.877619330315821,-0.3061622995811,190,60,7.39077143102218,2.73913974511619,1.75791859247741,11.9480937577692
"146","InputImages/CropMAX","SL","C","4biorep","3.5hTBO","1AB","midV","1.jpg",651.510638297872,589.670212765957,56.142159175982,0.961840827138464,-0.0652510218110638,564,116,14.6682034543627,6.75411791785543,2.59173260261778,25.373958452292
"147","InputImages/CropMAX","SL","C","4biorep","3.5hTBO","1AB","midV","1.jpg",350.936170212766,587.893617021277,9.81220158914895,0.785187497063099,-0.49955346267352,47,20,3.49912108368022,0.667945837433361,2.28254244210268,4.51774279923062
"148","InputImages/CropMAX","SL","C","4biorep","3.5hTBO","1AB","midV","1.jpg",874.090909090909,588.636363636364,9.09695846390185,0.535798859804878,-0.272691593093651,55,21,3.76253811008354,0.352825889768542,2.95276495198625,4.39748433547243
"149","InputImages/CropMAX","SL","C","4biorep","3.5hTBO","1AB","midV","1.jpg",241.5,588,6.20173672945753,0.544058820347104,0,26,14,2.42975291896459,0.246143184079399,2.06155281280883,2.69258240356725
"150","InputImages/CropMAX","SL","C","4biorep","3.5hTBO","1AB","midV","1.jpg",99.3764705882353,593.788235294118,11.3139254864978,0.528460175609394,1.36621925635099,85,27,4.76256625134928,0.457815546506099,3.5377641292621,5.44645969253809
"151","InputImages/CropMAX","SL","C","4biorep","3.5hTBO","1AB","midV","1.jpg",623.305263157895,595.778947368421,14.7229814177429,0.803818274245232,1.10959931867642,95,32,5.05234912254281,1.40177718680284,1.38384936409278,7.02068650934508
"152","InputImages/CropMAX","SL","C","4biorep","3.5hTBO","1AB","midV","1.jpg",120.709677419355,613.68578255675,39.8618834955267,0.668717110273957,1.44269795911454,837,111,16.0231673876829,3.1303309818308,10.1785695927586,22.1546497191866
"153","InputImages/CropMAX","SL","C","4biorep","3.5hTBO","1AB","midV","1.jpg",842.192708333333,603.375,20.7168860302056,0.786476290227088,0.746927264093297,192,52,7.17434325594719,2.08588451992445,1.5206906325746,10.1926161056386
"154","InputImages/CropMAX","SL","C","4biorep","3.5hTBO","1AB","midV","1.jpg",27.1803713527851,610.005305039788,33.9697953226453,0.883132873245471,0.116423905617448,377,79,11.0368449104129,3.53596776612916,3.1282986115735,16.4058934779782
"155","InputImages/CropMAX","SL","C","4biorep","3.5hTBO","1AB","midV","1.jpg",57.6231884057971,606.159420289855,9.93258239523912,0.442907947603395,0.122784142835861,69,24,4.25627961688762,0.391383501299185,3.15265540633782,4.86715893629036
"156","InputImages/CropMAX","SL","C","4biorep","3.5hTBO","1AB","midV","1.jpg",716.333333333333,611.014492753623,12.5880084086652,0.791759960536857,0.00622514861141316,69,28,4.2674998688262,1.18673620857882,1.07972974698792,5.9180198701655
"157","InputImages/CropMAX","SL","C","4biorep","3.5hTBO","1AB","midV","1.jpg",184.333333333333,618.098039215686,9.07509874428887,0.602155570104743,-1.42516658390581,51,21,3.58861663691429,0.501081165024462,2.57539376818857,4.4308749769345
"158","InputImages/CropMAX","SL","C","4biorep","3.5hTBO","1AB","midV","1.jpg",889.5,616,6.20173672949508,0.544058820354937,0,26,14,2.42975291896459,0.246143184079399,2.06155281280883,2.69258240356725
"159","InputImages/CropMAX","SL","C","4biorep","3.5hTBO","1AB","midV","1.jpg",900.223602484472,627.385093167702,18.4299614435038,0.762209403208852,-0.512772221569378,161,45,6.79554041657968,1.47953557184695,4.56416530575649,9.54803321483567
"160","InputImages/CropMAX","SL","C","4biorep","3.5hTBO","1AB","midV","1.jpg",46.5,625.5,6.32455532033676,0,0,32,16,2.73249285210952,0.182983095313129,2.54950975679639,2.91547594742265
"161","InputImages/CropMAX","SL","C","4biorep","3.5hTBO","1AB","midV","1.jpg",11.0229357798165,634.229357798165,21.4718772936581,0.791968386397356,-1.19706761592026,218,48,7.92278294892627,1.65080891275321,3.87891826988459,10.941328694958
"162","InputImages/CropMAX","SL","C","4biorep","3.5hTBO","1AB","midV","1.jpg",753.812154696133,634.458563535912,26.6017415805183,0.933371146257613,0.799834023363531,181,52,7.74759987352832,3.01816361125758,2.27443991414957,12.3451952659262
"163","InputImages/CropMAX","SL","C","4biorep","3.5hTBO","1AB","midV","1.jpg",923.918918918919,627.918918918919,7.454757624982,0.525681171414819,0.78539816342777,37,17,3.00393670759167,0.353769959322419,2.1891522430504,3.44255879727047
"164","InputImages/CropMAX","SL","C","4biorep","3.5hTBO","1AB","midV","1.jpg",178.36400541272,647.010825439784,43.1172161422613,0.702541288108028,0.264470265957913,739,135,15.1568782017837,5.09380490291054,4.78848642002751,24.6611850209846
"165","InputImages/CropMAX","SL","C","4biorep","3.5hTBO","1AB","midV","1.jpg",333.852173913043,642.347826086957,16.5676934741571,0.84214830174106,0.453346568302602,115,35,5.73863071769653,1.35599768834897,3.14882550180475,7.97322048472003
"166","InputImages/CropMAX","SL","C","4biorep","3.5hTBO","1AB","midV","1.jpg",385.063829787234,640.106382978723,9.81220158910882,0.78518749707899,-0.49955346266292,47,20,3.49912108368022,0.667945837433361,2.28254244210268,4.51774279923062
"167","InputImages/CropMAX","SL","C","4biorep","3.5hTBO","1AB","midV","1.jpg",827.366666666667,639.633333333333,6.49101943710205,0.450971758984791,0.785398163397448,30,15,2.65795713475346,0.2153485103832,2.3570226039551,2.9814239699997
"168","InputImages/CropMAX","SL","C","4biorep","3.5hTBO","1AB","midV","1.jpg",867.254098360656,647.155737704918,17.4621409548081,0.857833328627383,-1.16306446261922,122,36,5.9551074637201,1.5119270784687,3.22329962830433,8.54729940744402
"169","InputImages/CropMAX","SL","C","4biorep","3.5hTBO","1AB","midV","1.jpg",828.551236749117,657.657243816254,24.2822690914608,0.474120672361578,0.357483646867512,283,79,8.91978535720938,3.1552774204745,2.28381934406966,13.943852432874
"170","InputImages/CropMAX","SL","C","4biorep","3.5hTBO","1AB","midV","1.jpg",357.18085106383,648.351063829787,16.6518124057196,0.894256869607472,0.0292105546502982,94,34,5.18130089105457,1.65208371214295,2.34797269544314,7.61083047271643
"171","InputImages/CropMAX","SL","C","4biorep","3.5hTBO","1AB","midV","1.jpg",593.956967213115,663.75,40.8540505719806,0.86126097584364,0.953302879187705,488,98,12.6114410130829,5.1425305586314,0.540045658057094,21.2657100709802
"172","InputImages/CropMAX","SL","C","4biorep","3.5hTBO","1AB","midV","1.jpg",379.794642857143,658.446428571429,20.9813742091918,0.754258286040621,-1.43139394856718,224,50,8.03373559634749,1.38819752484262,5.22800153022165,10.0065978234363
"173","InputImages/CropMAX","SL","C","4biorep","3.5hTBO","1AB","midV","1.jpg",610,654.5,6.20173672949508,0.544058820354937,1.5707963267949,26,14,2.42975291896459,0.246143184079399,2.06155281280883,2.69258240356725
"174","InputImages/CropMAX","SL","C","4biorep","3.5hTBO","1AB","midV","1.jpg",24.5263157894737,667.077192982456,30.4571508401179,0.90635476288319,0.670162047686762,285,67,9.86336267796028,3.14955400103773,4.73983418155235,15.6005280625306
"175","InputImages/CropMAX","SL","C","4biorep","3.5hTBO","1AB","midV","1.jpg",799,669,5.08967208225153,0,0,21,12,2.15737865166653,0.111283511807396,2,2.23606797749979
"176","InputImages/CropMAX","SL","C","4biorep","3.5hTBO","1AB","midV","1.jpg",812.663551401869,676.205607476635,25.334573998587,0.969113362183506,-1.21587994127296,107,47,6.20720653262778,3.05884100479731,0.590018069100516,10.8258572478882
"177","InputImages/CropMAX","SL","C","4biorep","3.5hTBO","1AB","midV","1.jpg",206.823529411765,678.812834224599,18.5651421736006,0.655128871021875,-1.08157414030754,187,49,7.25685673049969,1.47541436637925,3.4490399704895,9.8072213701817
"178","InputImages/CropMAX","SL","C","4biorep","3.5hTBO","1AB","midV","1.jpg",48.3451327433628,682.132743362832,16.5845171893116,0.836265940789007,1.08380075357712,113,36,5.6744085158821,1.4871388038933,2.28048619464153,8.2986314504632
"179","InputImages/CropMAX","SL","C","4biorep","3.5hTBO","1AB","midV","1.jpg",874.5,679.5,6.67618368313038,0.620173672930492,-0.785398163397448,28,14,2.59290160937007,0.250151014070241,2.12132034355964,2.91547594742265
"180","InputImages/CropMAX","SL","C","4biorep","3.5hTBO","1AB","midV","1.jpg",794.428571428571,690.031055900621,25.9117705715255,0.699315819522073,0.435782755656257,322,79,9.54133188553135,2.60027221439731,2.68357415794242,14.4646772074897
"181","InputImages/CropMAX","SL","C","4biorep","3.5hTBO","1AB","midV","1.jpg",883.357142857143,680.595238095238,8.40587185106463,0.661637882091153,0.150952632743901,42,19,3.20052292083239,0.453217934144726,2.38938093954022,3.93013783212519
"182","InputImages/CropMAX","SL","C","4biorep","3.5hTBO","1AB","midV","1.jpg",764.969135802469,689.030864197531,17.6791005452993,0.747760420211066,-1.49657732484414,162,42,6.74175015157521,1.13216522248945,4.92857142857144,8.56934498485081
"183","InputImages/CropMAX","SL","C","4biorep","3.5hTBO","1AB","midV","1.jpg",168.865979381443,696.788659793814,29.0580700091704,0.937130655068947,1.41099004868767,194,61,7.85493217369113,3.38255364202489,0.917593571747969,13.4648057674946
"184","InputImages/CropMAX","SL","C","4biorep","3.5hTBO","1AB","midV","1.jpg",828.615384615385,687.673076923077,8.50185216193542,0.402616390572936,1.04863564996903,52,21,3.62196974241392,0.296115503456442,2.86744175568088,4.06885187191129
"185","InputImages/CropMAX","SL","C","4biorep","3.5hTBO","1AB","midV","1.jpg",228.274509803922,688.725490196078,9.23760430702351,0.65216346547399,0.785398163394241,51,21,3.60066939665083,0.453042959588854,2.80669752919831,4.36123929213539
"186","InputImages/CropMAX","SL","C","4biorep","3.5hTBO","1AB","midV","1.jpg",61.8260869565217,691,8.31151523154632,0.524362677129395,0,46,20,3.37456943495933,0.373873145115113,2.72442654516506,3.97775062063976
"187","InputImages/CropMAX","SL","C","4biorep","3.5hTBO","1AB","midV","1.jpg",83.88,702.755294117647,40.3424948957813,0.93419382652894,0.693217411478121,425,81,12.2632142023546,4.52601216131643,4.23744638156169,18.8631956297833
"188","InputImages/CropMAX","SL","C","4biorep","3.5hTBO","1AB","midV","1.jpg",243,691,5.08967208225153,2.119870216965e-06,1.5707963267949,21,12,2.15737865166653,0.111283511807396,2,2.23606797749979
"189","InputImages/CropMAX","SL","C","4biorep","3.5hTBO","1AB","midV","1.jpg",311.13768115942,694.95652173913,15.9253058537257,0.644544547499864,-0.931258694230857,138,42,6.1568194282339,1.32331814013249,3.23809523809526,8.30716981256458
"190","InputImages/CropMAX","SL","C","4biorep","3.5hTBO","1AB","midV","1.jpg",343.183673469388,696.530612244898,10.4476681664631,0.820444312789384,1.55201772239438,49,22,3.5201629571041,0.838745538137854,2.19409425202675,4.64126300849775
"191","InputImages/CropMAX","SL","C","4biorep","3.5hTBO","1AB","midV","1.jpg",157,697.5,7.3925714112851,0.627743371220537,-0.48988171473761,34,16,2.87794892779985,0.303990080390249,2.5,3.35410196624968
"192","InputImages/CropMAX","SL","C","4biorep","3.5hTBO","1AB","midV","1.jpg",890,697,5.08967208225153,0,0,21,12,2.15737865166653,0.111283511807396,2,2.23606797749979
"193","InputImages/CropMAX","SL","C","4biorep","3.5hTBO","1AB","midV","1.jpg",292.203703703704,700.925925925926,9.26847954990483,0.597175484901879,1.52416103016052,54,22,3.68394752641132,0.464457431087619,2.72765148885047,4.39876954996721
"194","InputImages/CropMAX","SL","C","4biorep","3.5hTBO","1AB","midV","1.jpg",149.5,702,8.4590516936334,0.776198732320216,0,36,18,2.92292663914789,0.610873578431966,2.06155281280883,3.64005494464026
"195","InputImages/CropMAX","SL","C","4biorep","3.5hTBO","1AB","midV","1.jpg",390.108108108108,715.175675675676,11.0158277847485,0.603813851507872,-0.665952154130376,74,27,4.3700588111389,0.662523322735187,2.59285712936103,5.27228434052567
"196","InputImages/CropMAX","SL","C","4biorep","3.5hTBO","1AB","midV","1.jpg",797.633333333333,715.366666666667,6.49101943706618,0.450971758987283,0.785398163343105,30,15,2.65795713475346,0.2153485103832,2.3570226039551,2.9814239699997
"197","InputImages/CropMAX","SL","C","4biorep","3.5hTBO","1AB","midV","1.jpg",543.167213114754,725.059016393443,35.0120004413307,0.936491478307599,-0.441330571701873,305,72,10.1693359966016,4.0276004350935,2.47245629353827,16.2908200499924
"198","InputImages/CropMAX","SL","C","4biorep","3.5hTBO","1AB","midV","1.jpg",409.564705882353,726.18431372549,29.3467590423055,0.92194468731075,0.280996926812453,255,60,8.96944946838657,3.03568198646512,4.01459144178389,13.9505177124164
"199","InputImages/CropMAX","SL","C","4biorep","3.5hTBO","1AB","midV","1.jpg",828.44,723.44,13.8406936241633,0.928990232351504,0.785398163397448,50,26,3.62777732544497,1.64681897671727,0.715425970682245,5.80883839939588
"200","InputImages/CropMAX","SL","C","4biorep","3.5hTBO","1AB","midV","1.jpg",449.681818181818,722.795454545455,8.79180637071672,0.694150446126929,0.539381805323868,44,19,3.33218920652547,0.47555754763416,2.31399451968217,4.09580557017761
"201","InputImages/CropMAX","SL","C","4biorep","3.5hTBO","1AB","midV","1.jpg",440.090909090909,733.503787878788,27.3000159749728,0.874147576247859,0.565906133883147,264,63,8.99216794725118,2.67300333904674,4.52637075922165,13.0071689828475
"202","InputImages/CropMAX","SL","C","4biorep","3.5hTBO","1AB","midV","1.jpg",515.025974025974,734.090909090909,12.4250060473285,0.755088183306389,-1.37155889839241,77,28,4.54762737922675,0.907144834257182,2.89638233184859,6.15540661632074
"203","InputImages/CropMAX","SL","C","4biorep","3.5hTBO","1AB","midV","1.jpg",618,731,5.08967208225153,0,0,21,12,2.15737865166653,0.111283511807396,2,2.23606797749979
"204","InputImages/CropMAX","SL","C","4biorep","3.5hTBO","1AB","midV","1.jpg",756.511945392491,742.320819112628,24.2723315318185,0.758464753320791,1.14713827766073,293,58,9.3288931864694,1.67791252483841,5.59413018340808,11.7495920439211
"205","InputImages/CropMAX","SL","C","4biorep","3.5hTBO","1AB","midV","1.jpg",277.063829787234,738.276595744681,9.41901133374558,0.735566098103562,-0.363233453241876,47,20,3.4576759358563,0.609899272503467,2.41298570240274,4.32695042726398
"206","InputImages/CropMAX","SL","C","4biorep","3.5hTBO","1AB","midV","1.jpg",853.5,743,7.3925714112475,0.627743371214313,1.08091461205433,34,16,2.87794892779985,0.303990080390249,2.5,3.35410196624968
"207","InputImages/CropMAX","SL","C","4biorep","3.5hTBO","1AB","midV","1.jpg",701.432795698925,750.040322580645,31.9907913685728,0.881063841473278,-0.136692163457241,372,71,10.636188912248,3.0463964363184,5.04620586305977,15.4080451577807
"208","InputImages/CropMAX","SL","C","4biorep","3.5hTBO","1AB","midV","1.jpg",632.006172839506,751.425925925926,17.7711409619163,0.713230464870056,-0.819426669118315,162,43,6.77210101337262,1.37511686937102,3.75917841961267,8.83261814643394
"209","InputImages/CropMAX","SL","C","4biorep","3.5hTBO","1AB","midV","1.jpg",647,747,5.08967208225153,0,0,21,12,2.15737865166653,0.111283511807396,2,2.23606797749979
"210","InputImages/CropMAX","SL","C","4biorep","3.5hTBO","1AB","midV","1.jpg",784.480769230769,760.205128205128,17.1054917495493,0.719116627757555,-1.38678280334449,156,41,6.58932832421924,1.12360548989188,4.41463414634143,8.35646205404404
"211","InputImages/CropMAX","SL","C","4biorep","3.5hTBO","1AB","midV","1.jpg",708.074204946996,775.473498233216,28.6026707968259,0.891193685097752,-1.47653255969059,283,62,9.43962937287078,2.79526967904521,3.89364994388761,13.993057963714
"212","InputImages/CropMAX","SL","C","4biorep","3.5hTBO","1AB","midV","1.jpg",128,768.5,6.20173672949508,0.544058820356328,1.5707963267949,26,14,2.42975291896459,0.246143184079399,2.06155281280883,2.69258240356725
"213","InputImages/CropMAX","SL","C","4biorep","3.5hTBO","1AB","midV","1.jpg",764.925465838509,775.341614906832,15.6960773301059,0.549595880326251,-1.23169648043629,161,39,6.72179643775079,0.583211021157992,5.81469267352751,7.77836477544493
"214","InputImages/CropMAX","SL","C","4biorep","3.5hTBO","1AB","midV","1.jpg",623.611111111111,776.861111111111,7.34500568714731,0.543905643928711,1.27357687591572,36,17,2.93900746691613,0.298125322686893,2.35954954354491,3.45259543313624
"215","InputImages/CropMAX","SL","C","4biorep","3.5hTBO","1AB","midV","1.jpg",814.984615384615,782.507692307692,14.5160392041249,0.899640689390236,-0.464513620481845,65,29,4.24924584352733,1.54782195528458,1.04875216039623,6.44311059949958
"216","InputImages/CropMAX","SL","C","4biorep","3.5hTBO","1AB","midV","1.jpg",671.94966442953,793.177852348993,24.6394229241344,0.752023474685736,0.164271031336923,298,63,9.22521176359711,1.94754286093968,5.23186257382905,12.0794067954977
"217","InputImages/CropMAX","SL","C","4biorep","3.5hTBO","1AB","midV","1.jpg",300.861111111111,789.388888888889,7.34500568709514,0.54390564393026,-0.29721945084683,36,17,2.93900746691613,0.298125322686898,2.35954954354491,3.4525954331363
"218","InputImages/CropMAX","SL","C","4biorep","3.5hTBO","1AB","midV","1.jpg",469.132321041215,806.9284164859,47.3300270770037,0.954679220237525,-0.925882968765714,461,111,12.5068677890327,6.29080281009423,0.523763670405372,24.0873879096585
"219","InputImages/CropMAX","SL","C","4biorep","3.5hTBO","1AB","midV","1.jpg",752.742424242424,791.590909090909,10.7517734530074,0.684047681800301,-0.461433912014882,66,25,4.14637637504815,0.591576669961334,3.19023510105447,5.33081607261025
"220","InputImages/CropMAX","SL","C","4biorep","3.5hTBO","1AB","midV","1.jpg",284.388888888889,792.138888888889,7.34500568699588,0.543905643895855,1.27357687593139,36,17,2.93900746691613,0.298125322686893,2.35954954354491,3.45259543313624
"221","InputImages/CropMAX","SL","C","4biorep","3.5hTBO","1AB","midV","1.jpg",700.439024390244,797,9.81465827335474,0.838578894311439,1.31822971335965,41,20,3.17925106862669,0.860152685652976,1.54999999999995,4.28981351576031
"222","InputImages/CropMAX","SL","C","4biorep","3.5hTBO","1AB","midV","1.jpg",766.633333333333,797.366666666667,6.49101943710205,0.450971758984791,0.785398163397448,30,15,2.65795713475346,0.2153485103832,2.3570226039551,2.9814239699997
"223","InputImages/CropMAX","SL","C","4biorep","3.5hTBO","1AB","midV","1.jpg",805.554817275747,813.614617940199,35.804443353706,0.947696750592043,-1.34692591088612,301,72,10.3395086856956,4.030104686035,4.27590597576473,17.1684476332545
"224","InputImages/CropMAX","SL","C","4biorep","3.5hTBO","1AB","midV","1.jpg",691.765957446809,814.723404255319,10.0041221844136,0.795736065148284,-0.409916921005565,47,21,3.45712828079385,0.772668677120091,1.75222566599754,4.52756736152555
"225","InputImages/CropMAX","SL","C","4biorep","3.5hTBO","1AB","midV","1.jpg",135.861111111111,819.611111111111,7.34500568708627,0.543905643897714,0.297219450870488,36,17,2.93900746691613,0.298125322686898,2.35954954354491,3.4525954331363
"226","InputImages/CropMAX","SL","C","4biorep","3.5hTBO","1AB","midV","1.jpg",337.318181818182,820.606060606061,13.448149082627,0.883225810434619,0.358642276712545,66,27,4.25848247144461,1.25151398708833,2.38881711060693,6.176640804869
"227","InputImages/CropMAX","SL","C","4biorep","3.5hTBO","1AB","midV","1.jpg",269.965909090909,834.022727272727,35.1502889342831,0.944967317606379,-0.558732535039451,264,75,9.28758168577911,4.15709618029252,1.48975762383615,16.1230490637197
"228","InputImages/CropMAX","SL","C","4biorep","3.5hTBO","1AB","midV","1.jpg",430.895833333333,830.302083333333,14.2305951474518,0.773472117922451,0.0537833274073167,96,33,5.08062083461733,1.17517984753933,1.78890571432068,6.73661649766016
"229","InputImages/CropMAX","SL","C","4biorep","3.5hTBO","1AB","midV","1.jpg",728.232558139535,834.726744186047,22.6856909979374,0.874605821927921,1.03736182903262,172,49,7.16536996146087,2.34938589637196,2.60985222054388,11.2311112195243
"230","InputImages/CropMAX","SL","C","4biorep","3.5hTBO","1AB","midV","1.jpg",654.842592592593,838.62962962963,24.920739855475,0.683645848382686,1.51160280045517,324,77,8.8538572074678,2.7754258958378,2.05691491587739,12.192066411677
"231","InputImages/CropMAX","SL","C","4biorep","3.5hTBO","1AB","midV","1.jpg",361.803652968037,841.963470319635,23.5690708477962,0.860541766006772,0.541308176929203,219,49,8.12095314498995,2.06721076173006,4.58493812855192,11.1410815659421
"232","InputImages/CropMAX","SL","C","4biorep","3.5hTBO","1AB","midV","1.jpg",413.308988764045,845.775280898876,20.0927177339943,0.772420594033247,-0.794169322139962,178,50,7.05445528867566,1.92079686070026,2.89917229567335,9.97623175352303
"233","InputImages/CropMAX","SL","C","4biorep","3.5hTBO","1AB","midV","1.jpg",186.329411764706,848.058823529412,15.4642945857543,0.885166799806828,-0.381056560572447,85,31,4.94394847261866,1.42981335006096,2.46198992297965,7.02966806403623
"234","InputImages/CropMAX","SL","C","4biorep","3.5hTBO","1AB","midV","1.jpg",215.53488372093,849.06976744186,7.9345616349974,0.503577854818707,-0.108158696155291,43,18,3.28295717901039,0.283225797098687,2.54466277568861,3.65570752808046
"235","InputImages/CropMAX","SL","C","4biorep","3.5hTBO","1AB","midV","1.jpg",198.052631578947,852.315789473684,11.4743414708202,0.834867779177236,0.0246415393358198,57,24,3.83267343705881,0.956441839073599,2.25,5.15388203202208
"236","InputImages/CropMAX","SL","C","4biorep","3.5hTBO","1AB","midV","1.jpg",615.604651162791,852.813953488372,8.77257564412058,0.705212160125609,0.597412152144453,43,19,3.28170882013252,0.510742727791418,2.29898207029912,4.04852833971205
"237","InputImages/CropMAX","SL","C","4biorep","3.5hTBO","1AB","midV","1.jpg",462.454545454545,858.090909090909,12.2555189756023,0.657464518754771,0.986005460821204,88,29,4.86338462202138,0.643488472502138,3.25401060505893,6.0088123949035
"238","InputImages/CropMAX","SL","C","4biorep","3.5hTBO","1AB","midV","1.jpg",443.36170212766,857.808510638298,9.54912541908038,0.757229231420583,-1.44078068201062,47,21,3.41653828050931,0.646505317580822,2.34109496252985,4.39748433547241
"239","InputImages/CropMAX","SL","C","4biorep","3.5hTBO","1AB","midV","1.jpg",679,865,5.08967208225153,0,0,21,12,2.15737865166653,0.111283511807396,2,2.23606797749979
"240","InputImages/CropMAX","SL","C","4biorep","3.5hTBO","1AB","midV","1.jpg",610.509316770186,875.211180124224,21.8027953823582,0.895237755002052,1.48754410600768,161,47,6.95843785368335,2.08928533507213,3.79559202059192,9.85005279495375
"241","InputImages/CropMAX","SL","C","4biorep","3.5hTBO","1AB","midV","1.jpg",104.642857142857,873.017857142857,12.2092869989628,0.875192079436424,-0.625179953182423,56,23,3.93876482785948,1.12302221251243,1.9800517455192,5.54888908992826
"242","InputImages/CropMAX","SL","C","4biorep","3.5hTBO","1AB","midV","1.jpg",587.830985915493,874.197183098591,13.7700236054414,0.800821492505197,0.218865473471375,71,32,4.22328906104549,1.61013677815069,0.64423525400276,6.45000302810006
"243","InputImages/CropMAX","SL","C","4biorep","3.5hTBO","1AB","midV","1.jpg",483.732323232323,879.661616161616,23.3820110405421,0.82385938645319,0.244377193492041,198,62,7.04797284683869,2.86123062071145,0.577049800645091,11.3625340492696
"244","InputImages/CropMAX","SL","C","4biorep","3.5hTBO","1AB","midV","1.jpg",689.753086419753,878.5,19.4431809299389,0.836861771741713,0.371639826673366,162,42,6.91650364835478,1.53395579016974,4.51182623376821,9.58542568108108
"245","InputImages/CropMAX","SL","C","4biorep","3.5hTBO","1AB","midV","1.jpg",621.745454545455,877.636363636364,9.75328124681639,0.660905191823292,1.10974556801658,55,22,3.75424545904266,0.594969024988343,2.16518279342079,4.55839068310681
"246","InputImages/CropMAX","SL","C","4biorep","3.5hTBO","1AB","midV","1.jpg",391.968253968254,884.031746031746,19.4612959358674,0.763820013554069,1.00502329520871,189,43,7.45087267672964,1.34277582754463,4.74783261587901,9.69812056304633
"247","InputImages/CropMAX","SL","C","4biorep","3.5hTBO","1AB","midV","1.jpg",528.08717948718,882.558974358974,17.3684493145837,0.546353021130926,0.624329309400828,195,45,7.41263591375795,0.779356600857668,5.74851564308264,8.87198392499845
"248","InputImages/CropMAX","SL","C","4biorep","3.5hTBO","1AB","midV","1.jpg",706.551724137931,883.988505747126,13.7225279473386,0.791426960297754,0.616514365922026,87,30,4.9035819963213,1.08954386216244,2.90994463483033,6.72317715898601
"249","InputImages/CropMAX","SL","C","4biorep","3.5hTBO","1AB","midV","1.jpg",47,885,5.08967208225153,1.83583878264258e-06,1.5707963267949,21,12,2.15737865166653,0.111283511807396,2,2.23606797749979
"250","InputImages/CropMAX","SL","C","4biorep","3.5hTBO","1AB","midV","1.jpg",248.053191489362,891.276595744681,12.928242243209,0.689145128400045,-0.70797304274157,94,31,5.00158134908438,0.77808219110086,2.9986122353831,6.17419691913484
"251","InputImages/CropMAX","SL","C","4biorep","3.5hTBO","1AB","midV","1.jpg",626.888888888889,893.533333333333,8.71871101160774,0.655791498128633,-1.07779067602512,45,20,3.33107442954663,0.491368644523258,2.14767315949148,4.12462119472804
"252","InputImages/CropMAX","SL","C","4biorep","3.5hTBO","1AB","midV","1.jpg",18.5484848484848,900.469696969697,41.963659235682,0.96806977942613,0.063216483870174,330,84,11.2399593229224,5.04395850170231,2.54864798981019,19.3635737282234
"253","InputImages/CropMAX","SL","C","4biorep","3.5hTBO","1AB","midV","1.jpg",566.482014388489,902.460431654676,18.5070570598176,0.844058021152991,0.961131606054473,139,41,6.36276957612498,1.6290399910941,3.32513367848177,9.20937628402427
"254","InputImages/CropMAX","SL","C","4biorep","3.5hTBO","1AB","midV","1.jpg",621.989898989899,904.787878787879,15.001734144642,0.826611716072484,-1.31704084992912,99,32,5.20172598701184,1.22261242061649,3.0326993957529,7.19876834083442
"255","InputImages/CropMAX","SL","C","4biorep","3.5hTBO","1AB","midV","1.jpg",278,902,5.08967208225153,0,0,21,12,2.15737865166653,0.111283511807396,2,2.23606797749979
"256","InputImages/CropMAX","SL","C","4biorep","3.5hTBO","1AB","midV","1.jpg",455.242857142857,916.3,14.3357136592083,0.876446162922413,0.844776646357349,70,30,4.35834176053365,1.51524526381032,1.49740516301436,6.49940168186447
"257","InputImages/CropMAX","SL","C","4biorep","3.5hTBO","1AB","midV","1.jpg",129.079710144928,927.384057971014,31.3010534164938,0.836948427206828,1.30235117419386,414,73,11.2355560905467,2.55269797491141,6.20644705026979,15.1503690918056
"258","InputImages/CropMAX","SL","C","4biorep","3.5hTBO","1AB","midV","1.jpg",271.37037037037,918.759259259259,8.55991043272144,0.325019532881387,1.20041056924718,54,22,3.67819846653374,0.366168241775129,2.71702620615971,4.20178041759509
"259","InputImages/CropMAX","SL","C","4biorep","3.5hTBO","1AB","midV","1.jpg",589,918,5.08967208225153,0,0,21,12,2.15737865166653,0.111283511807396,2,2.23606797749979
"260","InputImages/CropMAX","SL","C","4biorep","3.5hTBO","1AB","midV","1.jpg",626,919,5.08967208225153,0,0,21,12,2.15737865166653,0.111283511807396,2,2.23606797749979
"261","InputImages/CropMAX","SL","C","4biorep","3.5hTBO","1AB","midV","1.jpg",447.455555555556,925.2,11.5636377812,0.411882358755091,0.174355744037982,90,31,4.85864426538017,0.786347106165593,2.83430743696627,5.87238550765089
"262","InputImages/CropMAX","SL","C","4biorep","3.5hTBO","1AB","midV","1.jpg",198.785714285714,925.957142857143,11.5267285857193,0.723071922716051,0.378504585360422,70,26,4.28649473247018,0.813305518907405,2.86273754860433,5.48801814822673
"263","InputImages/CropMAX","SL","C","4biorep","3.5hTBO","1AB","midV","1.jpg",421,925.243902439024,7.23136798445745,0.134913581775164,0,41,18,3.17123230554572,0.233231162957072,2.66666666666663,3.48010216963689
"264","InputImages/CropMAX","SL","C","4biorep","3.5hTBO","1AB","midV","1.jpg",266.945454545455,928.472727272727,10.5748086697846,0.783976989936038,-1.18963449598749,55,22,3.79581674327097,0.722168482848331,2.5365102596916,4.94306426192506
"265","InputImages/CropMAX","SL","C","4biorep","3.5hTBO","1AB","midV","1.jpg",107.673913043478,929.673913043478,9.63688565965861,0.778413369227704,-0.785398163396673,46,19,3.50393745114165,0.604219842661045,2.38183336820736,4.3515845491778
"266","InputImages/CropMAX","SL","C","4biorep","3.5hTBO","1AB","midV","1.jpg",632.5,934.5,6.32455532033676,0,0,32,16,2.73249285210952,0.182983095313129,2.54950975679639,2.91547594742265
"267","InputImages/CropMAX","SL","C","4biorep","3.5hTBO","1AB","midV","1.jpg",528.703448275862,942.862068965517,19.7170683623069,0.861171618853338,-1.09231155571141,145,45,6.35425432431274,1.9763403344959,2.22754917086962,9.55020522046973
"268","InputImages/CropMAX","SL","C","4biorep","3.5hTBO","1AB","midV","1.jpg",92.0344827586207,938.241379310345,9.22613821090357,0.478263315016234,-0.259148866199313,58,23,3.8330093332338,0.434680139577756,2.94691533962272,4.51923007310827
"269","InputImages/CropMAX","SL","C","4biorep","3.5hTBO","1AB","midV","1.jpg",462.438356164384,951.739726027397,13.8922219741954,0.863819863657466,0.7427938936629,73,27,4.54185468128518,1.2871978921224,1.78778050165144,6.29901901914628
"270","InputImages/CropMAX","SL","C","4biorep","3.5hTBO","1AB","midV","1.jpg",296.830734966592,961.258351893096,36.669783153403,0.871142581873953,-0.254259913723633,449,105,11.3041662865857,4.32873084552735,0.499341970625416,20.2416781142231
"271","InputImages/CropMAX","SL","C","4biorep","3.5hTBO","1AB","midV","1.jpg",538.275,954.725,7.87400787395267,0.568245744202358,0.785398163350929,40,18,3.14101407920104,0.366101835915655,2.68741924943282,3.72677996249967
"272","InputImages/CropMAX","SL","C","4biorep","3.5hTBO","1AB","midV","1.jpg",574.265306122449,961.826530612245,13.7440170440362,0.73488652577613,0.730030779626859,98,31,5.20737198215495,0.915145561924007,3.23996891083604,6.76189359534718
"273","InputImages/CropMAX","SL","C","4biorep","3.5hTBO","1AB","midV","1.jpg",245.09756097561,970.829268292683,11.8423911681862,0.655313807163861,0.841224182058377,82,28,4.69387065438242,0.628390164066016,3.417579104977,5.86465111094097
"274","InputImages/CropMAX","SL","C","4biorep","3.5hTBO","1AB","midV","1.jpg",509.925,970.025,7.90591359486897,0.592023288932707,0.860542847827332,40,18,3.13625145748659,0.324476224251601,2.28589340127121,3.65190631767661
"275","InputImages/CropMAX","SL","C","4biorep","3.5hTBO","1AB","midV","1.jpg",175.144927536232,977.746376811594,15.4892990342173,0.645183011958237,-0.815032217579924,138,38,6.24674915966977,0.959863653111185,4.67399832988967,8.28149156209642
"276","InputImages/CropMAX","SL","C","4biorep","3.5hTBO","1AB","midV","1.jpg",212.666666666667,984.735507246377,24.1860207728412,0.788660461858552,1.51031537775888,276,58,8.98369952822086,1.80262164861275,4.63036172482613,11.6156363718663
"277","InputImages/CropMAX","SL","C","4biorep","3.5hTBO","1AB","midV","1.jpg",397.192660550459,979.211009174312,15.4366057797766,0.746069325490577,-0.165036442860147,109,38,5.36989782994119,1.59272517192335,0.915396164785565,7.93367590064019
"278","InputImages/CropMAX","SL","C","4biorep","3.5hTBO","1AB","midV","1.jpg",174,992,5.08967208225153,2.119870216965e-06,1.5707963267949,21,12,2.15737865166653,0.111283511807396,2,2.23606797749979
"279","InputImages/CropMAX","SL","C","4biorep","3.5hTBO","1AB","midV","1.jpg",294.519341563786,1013.02880658436,64.5762336254651,0.880496536913649,0.184999842564006,1215,176,21.3388765085348,7.34712737436561,7.49252813069507,34.3528055698007
"280","InputImages/CropMAX","SL","C","4biorep","3.5hTBO","1AB","midV","1.jpg",436.5,993.5,6.32455532033676,0,0,32,16,2.73249285210952,0.182983095313129,2.54950975679639,2.91547594742265
"281","InputImages/CropMAX","SL","C","4biorep","3.5hTBO","1AB","midV","1.jpg",368.546391752577,1001.41237113402,11.7038087567519,0.397668989887759,-1.13970278472858,97,29,5.12871451328969,0.512133094817985,3.76731042310279,5.98730325253465
"282","InputImages/CropMAX","SL","C","4biorep","3.5hTBO","1AB","midV","1.jpg",445,999.5,6.20173672949508,0.544058820354937,1.5707963267949,26,14,2.42975291896459,0.246143184079399,2.06155281280883,2.69258240356725
"283","InputImages/CropMAX","SL","C","4biorep","3.5hTBO","1AB","midV","1.jpg",465.670103092784,1008.50515463918,22.1228458394425,0.951544317337307,0.522753650926594,97,44,5.49107774241639,2.71558616176065,0.704545454545496,9.59384379917532
"284","InputImages/CropMAX","SL","C","4biorep","3.5hTBO","1AB","midV","1.jpg",408.583333333333,1009.14583333333,9.51003729426901,0.741052305072706,-1.47570448430244,48,21,3.4500342501764,0.626137567239537,2.38855927694944,4.41215595615178
"285","InputImages/CropMAX","SL","C","4biorep","3.5hTBO","1AB","midV","1.jpg",443.5,1009,7.39257141125447,0.627743371209939,1.08091461204536,34,16,2.87794892779985,0.303990080390249,2.5,3.35410196624968
"286","InputImages/CropMAX","SL","C","4biorep","3.5hTBO","1AB","midV","1.jpg",150.056818181818,1018,12.4224092848291,0.687157924224811,0.754542505855475,88,28,4.87294226136065,0.657061363810636,4.00015943559805,5.86160544282425
"287","InputImages/CropMAX","SL","C","4biorep","3.5hTBO","1AB","midV","1.jpg",107.261904761905,1019.80952380952,11.3637236090933,0.492914093952292,-1.49271331214749,84,30,4.75687717130016,0.666589678427177,3.70060055186242,6.11237360696408
"288","InputImages/CropMAX","SL","C","4biorep","3.5hTBO","1AB","midV","1.jpg",199.462962962963,1017.62962962963,9.10487883497606,0.559388215475979,0.653468730394349,54,22,3.68866068221214,0.397800429134512,2.6387136861273,4.37545747313053
"289","InputImages/CropMAX","SL","C","4biorep","3.5hTBO","1AB","midV","1.jpg",432.468085106383,1019.14893617021,9.60823237629027,0.755311271038611,1.48161992076844,47,21,3.40321659131204,0.729037390965458,1.44121390004016,4.42729116158833
"290","InputImages/CropMAX","SL","C","4biorep","3.5hTBO","1AB","midV","1.jpg",87.8076923076923,1022.80769230769,8.63979290441906,0.892040547269338,-0.114564226889251,26,17,2.50138833879701,0.871984757087304,1.12996310072344,3.87074914737932
"291","InputImages/CropMAX","SL","C","4biorep","3.5hTBO","1AB","midV","1.jpg",407,1023.15384615385,5.20354908471081,0.806442589649531,0,13,10,1.60134316594917,0.442380000528814,0.799999999999955,2.15406592285378
